{
    "client": "Thunder Client",
    "collectionName": "Syscon",
    "dateExported": "2023-11-30T13:04:18.992Z",
    "version": "1.1",
    "folders": [
        {
            "_id": "96d36152-3ee0-4026-b189-232695508f8b",
            "name": "Master Controller",
            "containerId": "",
            "created": "2023-11-29T05:47:50.790Z",
            "sortNum": 10000
        },
        {
            "_id": "1561754c-aaca-4bdc-8425-df506e5d3f7e",
            "name": "FormController",
            "containerId": "",
            "created": "2023-11-29T06:44:35.583Z",
            "sortNum": 20000
        }
    ],
    "requests": [
        {
            "_id": "3e781a27-ee2f-4133-aa27-0db816eb8d02",
            "colId": "d4193185-a496-4726-9fc7-4dcebb291c78",
            "containerId": "96d36152-3ee0-4026-b189-232695508f8b",
            "name": "Add/update",
            "url": "http://localhost:3016/api/master/MasterAdd",
            "method": "POST",
            "sortNum": 30000,
            "created": "2023-11-29T05:47:50.790Z",
            "modified": "2023-11-30T09:50:50.428Z",
            "headers": [],
            "params": [],
            "body": {
                "type": "json",
                "raw": "{\n  \"id\": 11,\n  \"table_name\": \"tblCompany\",\n  \"fields\": [\n    {\n      \"fieldname\": \"name\",\n      \"default_value\": null,\n      \"isrequired\": true,\n      \"type\": \"string\",\n      \"size\": 100\n    },\n    {\n      \"fieldname\": \"address\",\n      \"default_value\": null,\n      \"isrequired\": true,\n      \"type\": \"string\",\n      \"size\": 500\n    },\n    {\n      \"fieldname\": \"email\",\n      \"default_value\": null,\n      \"isrequired\": true,\n      \"size\": 100\n    },\n    {\n      \"fieldname\": \"countryId\",\n      \"default_value\": null,\n      \"isrequired\": true,\n      \"type\": \"Number\",\n      \"referenceTable\": \"tblCountry\"\n    },\n    {\n      \"fieldname\": \"stateId\",\n      \"default_value\": null,\n      \"isrequired\": true,\n      \"type\": \"Number\",\n      \"referenceTable\": \"tblCountry.tblstate\"\n    }\n  ],\n  \"children\": [\n    {\n      \"table_name\": \"branch\",\n      \"fields\": [\n        {\n          \"fieldname\": \"name\",\n          \"default_value\": null,\n          \"isrequired\": true,\n          \"type\": \"string\",\n          \"size\": 100\n        },\n        {\n          \"fieldname\": \"branchAddress\",\n          \"default_value\": null,\n          \"isrequired\": false,\n          \"type\": \"string\",\n          \"size\": 100\n        },\n        {\n          \"fieldname\": \"pointOfContact\",\n          \"default_value\": null,\n          \"isrequired\": false,\n          \"type\": \"string\",\n          \"size\": 100\n        }\n      ],\n      \"subChildren\": [\n        {\n          \"table_name\": \"subBranch\",\n          \"fields\": [\n            {\n              \"fieldname\": \"name\",\n              \"default_value\": null,\n              \"isrequired\": true,\n              \"type\": \"string\",\n              \"size\": 100\n            },\n            {\n              \"fieldname\": \"branchAddress\",\n              \"default_value\": null,\n              \"isrequired\": false,\n              \"type\": \"string\",\n              \"size\": 100\n            },\n            {\n              \"fieldname\": \"pointOfContact\",\n              \"default_value\": null,\n              \"isrequired\": false,\n              \"type\": \"string\",\n              \"size\": 100\n            }\n          ]\n        }\n      ]\n    }\n  ]\n}",
                "form": []
            },
            "tests": []
        },
        {
            "_id": "0f5fb1df-4c98-461b-b0de-9198e82bd336",
            "colId": "d4193185-a496-4726-9fc7-4dcebb291c78",
            "containerId": "96d36152-3ee0-4026-b189-232695508f8b",
            "name": "List",
            "url": "http://localhost:3016/api/master/List",
            "method": "GET",
            "sortNum": 40000,
            "created": "2023-11-29T05:47:50.791Z",
            "modified": "2023-11-29T05:47:50.791Z",
            "headers": [],
            "params": [],
            "tests": []
        },
        {
            "_id": "157fc361-179e-4c61-9eab-74ab5023c737",
            "colId": "d4193185-a496-4726-9fc7-4dcebb291c78",
            "containerId": "96d36152-3ee0-4026-b189-232695508f8b",
            "name": "add into Master",
            "url": "http://localhost:3016/api/master/Insert_into_master",
            "method": "POST",
            "sortNum": 50000,
            "created": "2023-11-29T05:47:50.792Z",
            "modified": "2023-11-30T09:57:41.558Z",
            "headers": [],
            "params": [],
            "body": {
                "type": "json",
                "raw": "{\n  \"id\": 2,\n  \"table_name\": \"tblCompany\",\n  \"name\":\"Syscon pvt ltd\",\n  \"address\":\"Andheri West\",\n  \"email\":\"syscon@gmail.com\",\n  \"countryId\":1,\n  \"stateId\":\"6566d2524559c9997656df1e\",\n  \"branch\":[{\n    \"subBranch\":[{},{}]\n  },{}]\n}",
                "form": []
            },
            "tests": []
        },
        {
            "_id": "3bebe2b6-eb88-43ed-98e9-ba0caa45885a",
            "colId": "d4193185-a496-4726-9fc7-4dcebb291c78",
            "containerId": "1561754c-aaca-4bdc-8425-df506e5d3f7e",
            "name": "add/update",
            "url": "http://localhost:3016/api/FormControl/add",
            "method": "POST",
            "sortNum": 70000,
            "created": "2023-11-29T07:16:08.365Z",
            "modified": "2023-11-30T10:29:24.216Z",
            "headers": [],
            "params": [],
            "body": {
                "type": "json",
                "raw": "{\n  \"id\": 1,\n  \"table_name\": \"tblCompany\",\n  \"menuID\": 1,\n  \"fields\": [\n    {\n      \"fieldname\": \"name\",\n      \"yourlabel\": \"Name\",\n      \"controlname\": \"text\",\n      \"isControlShow\": true,\n      \"referenceTable\": null,\n      \"referenceColumn\": null,\n      \"type\": \"String\",\n      \"size\": 100,\n      \"ordering\": 1,\n      \"isRequired\": true,\n      \"isEditable\": true,\n      \"dropdownFilter\": null,\n      \"controlDefaultValue\": null,\n      \"functionOnChange\": null,\n      \"functionOnBlur\": null,\n      \"functionOnKeyPress\": null,\n      \"sectionHeader\": null,\n      \"sectionOrder\": null\n    },\n    {\n      \"fieldname\": \"address\",\n      \"yourlabel\": \"Company Address\",\n      \"controlname\": \"text\",\n      \"isControlShow\": true,\n      \"referenceTable\": null,\n      \"referenceColumn\": null,\n      \"type\": \"String\",\n      \"size\": 500,\n      \"ordering\": 2,\n      \"isRequired\": true,\n      \"isEditable\": true,\n      \"dropdownFilter\": null,\n      \"controlDefaultValue\": null,\n      \"functionOnChange\": null,\n      \"functionOnBlur\": null,\n      \"functionOnKeyPress\": null,\n      \"sectionHeader\": null,\n      \"sectionOrder\": null\n    },\n    {\n      \"fieldname\": \"email\",\n      \"yourlabel\": \"Email ID\",\n      \"controlname\": \"text\",\n      \"isControlShow\": true,\n      \"referenceTable\": null,\n      \"referenceColumn\": null,\n      \"type\": \"String\",\n      \"size\": 100,\n      \"ordering\": 3,\n      \"isRequired\": true,\n      \"isEditable\": true,\n      \"dropdownFilter\": null,\n      \"controlDefaultValue\": null,\n      \"functionOnChange\": null,\n      \"functionOnBlur\": null,\n      \"functionOnKeyPress\": null,\n      \"sectionHeader\": null,\n      \"sectionOrder\": null\n    },\n    {\n      \"fieldname\": \"countryId\",\n      \"yourlabel\": \"Country\",\n      \"controlname\": \"dropdown\",\n      \"isControlShow\": true,\n      \"referenceTable\": \"tblCountry\",\n      \"referenceColumn\": \"Code\",\n      \"type\": null,\n      \"size\": null,\n      \"ordering\": 4,\n      \"isRequired\": true,\n      \"isEditable\": true,\n      \"dropdownFilter\": null,\n      \"controlDefaultValue\": null,\n      \"functionOnChange\": null,\n      \"functionOnBlur\": null,\n      \"functionOnKeyPress\": null,\n      \"sectionHeader\": null,\n      \"sectionOrder\": null\n    },\n    {\n      \"fieldname\": \"stateId\",\n      \"yourlabel\": \"State\",\n      \"controlname\": \"dropdown\",\n      \"isControlShow\": true,\n      \"referenceTable\": \"tblCountry.tblState\",\n      \"referenceColumn\": \"$tblState.name\",\n      \"type\": null,\n      \"size\": null,\n      \"ordering\": 5,\n      \"isRequired\": true,\n      \"isEditable\": true,\n      \"dropdownFilter\": null,\n      \"controlDefaultValue\": null,\n      \"functionOnChange\": null,\n      \"functionOnBlur\": null,\n      \"functionOnKeyPress\": null,\n      \"sectionHeader\": null,\n      \"sectionOrder\": null\n    }\n  ],\n  \"children\": [\n    {\n      \"table_name\": \"branch\",\n      \"fields\": [\n        {\n          \"fieldname\": \"countryId\",\n          \"yourlabel\": \"Country\",\n          \"controlname\": \"dropdown\",\n          \"isControlShow\": true,\n          \"referenceTable\": \"tblCountry\",\n          \"referenceColumn\": \"name\",\n          \"type\": null,\n          \"size\": null,\n          \"ordering\": 1,\n          \"isRequired\": true,\n          \"isEditable\": true,\n          \"dropdownFilter\": null,\n          \"controlDefaultValue\": null,\n          \"functionOnChange\": null,\n          \"functionOnBlur\": null,\n          \"functionOnKeyPress\": null,\n          \"sectionHeader\": null,\n          \"sectionOrder\": null\n        }\n      ],\n      \"subChildren\": {\n        \"table_name\": \"subBranch\",\n        \"fields\": [\n          {\n            \"fieldname\": \"countryId\",\n            \"yourlabel\": \"Country\",\n            \"controlname\": \"dropdown\",\n            \"isControlShow\": true,\n            \"referenceTable\": \"tblCountry\",\n            \"referenceColumn\": \"name\",\n            \"type\": null,\n            \"size\": null,\n            \"ordering\": 1,\n            \"isRequired\": true,\n            \"isEditable\": true,\n            \"dropdownFilter\": null,\n            \"controlDefaultValue\": null,\n            \"functionOnChange\": null,\n            \"functionOnBlur\": null,\n            \"functionOnKeyPress\": null,\n            \"sectionHeader\": null,\n            \"sectionOrder\": null\n          }\n        ]\n      }\n    }\n  ]\n}",
                "form": []
            },
            "tests": []
        },
        {
            "_id": "e58dc7d9-1f32-4a05-82ad-ec8e7070ae6a",
            "colId": "d4193185-a496-4726-9fc7-4dcebb291c78",
            "containerId": "1561754c-aaca-4bdc-8425-df506e5d3f7e",
            "name": "list",
            "url": "http://localhost:3016/api/FormControl/list?menuID",
            "method": "GET",
            "sortNum": 80000,
            "created": "2023-11-29T08:55:34.260Z",
            "modified": "2023-11-30T11:03:48.879Z",
            "headers": [],
            "params": [
                {
                    "name": "menuID",
                    "value": "",
                    "isPath": false
                }
            ],
            "tests": []
        }
    ]
}